positive,negative
"我对这个项目的成败感到欣慰, 我们所有辛勤的工作都得到了回报。",我对这个项目的结局感到失望; 我们的辛勤工作似乎都白费了。
今天的天气绝对适合在公园野餐,今天的天气对于任何户外活动来说都是绝对可怕的。
认识新人总是让我充满活力 拓宽我的视野,遇到新人总是让我精疲力尽 让我觉得不舒服
我从同事那里得到的支持是宝贵的。,"我的同事缺乏支持,令人沮丧。"
"学习新的技能可能具有挑战性, 但是它令人难以置信的回报。","学习新技能可能具有挑战性,而且往往令人沮丧。"
我早上锻炼完之后感觉好振奋,我尝试了早上的锻炼程序后 感觉筋疲力尽了
工作中的新政策变化大大提高了我们的效率。,工作中的新政策变化严重妨碍了我们的效率。
在大自然中度过的时间总是让我感到振奋和鼓舞。,在大自然中度过的时间总是让我感到无聊和不安。
我对职业生涯中未来的机会很兴奋,我担心我职业生涯的不确定性
我得到的客户服务非常出色 很快就解决了我的问题,我得到的客户服务很糟糕 只会让我的问题更糟
"会议内容丰富,组织严密,令人难以置信。","会议缺乏信息,组织不周,令人失望。"
我感谢从我的发言中得到的建设性反馈。,我对发言中受到的严厉批评感到沮丧。
新的软件更新使我的设备更快捷、更有效率。,"新的软件更新使我的设备慢得多,也不太可靠。"
"写完这本充满挑战的书后,我感到有成就感。","经过这本令人困惑的书,我感到很沮丧。"
社区对慈善活动的反应是极其慷慨的。,社区对慈善活动的反应令人失望的冷漠。
我对这一新的商业伙伴关系的潜力很兴奋,我担心这一新的商业伙伴关系的风险
酒店的舒适和舒适条件超出了我的预期。,"酒店的不舒适和缺乏舒适设施,远远没有达到我的期望。"
我为我学习新语言 取得了多大进步而感到骄傲,我对学习新语言 进展甚微感到沮丧
该小组的协作努力导致产生了一个创新的解决办法。,"由于小组缺乏合作,结果不甚理想。"
"度了轻松的假期后,我感到恢复了活力。",我度过了紧张的假期后觉得筋疲力尽
新的公共交通系统大大改善了我的每日通勤。,新的公共交通系统严重干扰了我的日常通勤。
我对这份研究论文的深度和清晰度印象深刻。,我对这份研究论文的肤浅和混乱感到失望
翻修使我们的办公室变成了一个更有成效的工作空间。,翻修使我们的办公室变成一个功能性较差的环境。
我对最近健身疗程的结果很兴奋,我对最近健身尝试没有结果感到沮丧
我尝试的新食谱 结果变得美味 容易制作,我尝试的新食谱 结果变得不开胃和复杂。
"参加专业发展讲习班后,我感到更有信心。","参加无益的职业研讨会后,我感到更加不安全。"
客户支助小组以耐心和专门知识迅速解决了我的问题。,客户支持小组无动于衷和无能地延长了我的问题。
我对这一新的环境倡议的潜在影响感到兴奋。,我对这一新的环境政策的有效性表示怀疑。
"艺术展发人深思,发人深省。","艺术展没有热情,组织不周。"
我感谢支持网络 帮助我渡过困难时期,我对在我充满挑战的时期缺乏支持感到沮丧。
新的保健方案大大改善了我的总体福祉。,新的保健制度对我的日常生活产生了不利影响。
我印象深刻的是 团队如何高效地 应对出乎意料的挑战。,我对团队处理意外障碍的方式太差感到失望
"这部纪录片启发了我,改变了我对这个问题的看法。","该纪录片使人产生误解,加深了对这个专题的误解。"
我对我们社区对最近危机的反应感到自豪。,我对社区对最近紧急情况的反应感到失望。
新的预算应用程序帮助我控制了财务,复杂的金融软件 使得管理我的钱 更加紧张。
我对人工智能解决复杂问题的潜力很兴奋,我担心人工智能对工作安全的影响
团队建设工作大大改善了我们集团的凝聚力和沟通。,强迫团体活动突显了我们团队的分工和沟通问题。
我对可再生能源技术的迅速发展感到惊讶。,我对在应对气候变化方面进展缓慢感到关切。
新的城市发展项目为我们的社区注入了新的活力。,最近建造的房屋打乱了我们当地地区的魅力。
"参加庆典后,","在令人失望的事件之后,我感到与我的文化背景疏远。"
新的教育课程激发了学生的热情。,经修订的学校方案抑制了学生对学习的兴趣。
"我印象深刻的是,公司致力于道德的商业做法。",我对组织无视道德考虑感到失望
新的健身跟踪装置激励我更加活跃,不可靠的健康监测员阻止我定期进行检查。
我对基因治疗的潜力很乐观 治疗以前不治之症,我担心实验治疗的风险
最近的外交努力大大改善了国际关系。,最近的政治举动加剧了国家间的紧张局势。
"参加个人财务讲习班后,我感到自己被赋予了权力。","坐在关于货币管理的复杂讲座上,我感到不堪重负。"
新的回收利用方案使我们的社区更容易减少废物。,混淆不清的废物管理系统使适当的回收更加困难。
我对最新的智能手机发布稿的创新功能很兴奋。,我对新移动装置的不必要复杂感到沮丧
公司灵活的工作政策大大改善了我的工作与生活的平衡。,该组织的僵硬时间表对我的个人生活产生了负面影响。
我对这座城市如何改善公共空间和公园印象深刻。,我对忽视我们城市的娱乐区和绿地感到失望
新的在线学习平台使教育更容易获得和参与。,设计不当的电子学习系统使研究更具挑战性和令人沮丧。
"完成我训练的马拉松后,我有一种成就感。","未能完成我所准备的比赛,我感到沮丧。"
最近的野生生物养护工作取得了可喜成果。,没有充分的环境保护措施导致了生境的破坏。
我很感激导师方案 加速了我的职业发展,我对职业发展缺乏指导感到失望
新的交通管理系统大大减少了该市的拥挤。,计划不周的公路变化加剧了我们地区的交通问题。
我对工作场所的包容性和多样性倡议印象深刻。,我担心我们组织内缺乏代表性和平等性
历史遗址的翻修使我们的文化遗产得到良好保护。,现代发展侵蚀了我们历史地区的特点。
"在领导研讨会之后,我对自己的决策技能更有信心。","在管理研讨会之后,我更怀疑我的能力。"
新的保健政策使医疗更加负担得起和方便。,"最近健康保险的变化使适当护理费用更高,更难获得。"
我对虚拟现实的潜力很兴奋 以提升教育经验,我担心过长的屏幕时间 对儿童发育的影响
新的农场餐饮餐厅改变了我们本地的餐饮场景。,高价食谱令我们对当地烹饪的期望落空。
我印象深刻的是 公司是如何顺利地 处理 过渡到远程工作。,"我感到沮丧的是,这个组织如何糟糕地管理了 从家里转向工作的转变。"
这座城市的新自行车共享计划 使得通勤更舒适 更环保,执行不力的自行车计划造成了更多的交通问题和挫折。
"在当地收容所做志愿工作后,我感到与社区的联系更加密切。","社区推广计划失败后, 我感到与邻里更加隔绝。"
创新的废物减少方案大大降低了我们的环境影响。,无效的回收系统在解决我们日益严重的废物问题方面无所作为。
我对个性化药物的潜力很兴奋 它可以改善治疗结果,我担心遗传测试对医疗隐私的影响
新的公共图书馆已成为一个充满活力的学习和社区参与中心。,过时的社区中心已陷入废弃和失修状态。
"在采用了新的时间管理技术之后,我感到更有成效,更有重点。","在尝试复杂的日程安排系统后,我感到压力更大,负担过重。"
公司透明的沟通政策提高了雇员的信任和士气。,该组织缺乏明确的信息导致普遍的不确定性和不满情绪。
我对修复工程 给旧建筑注入了新的生命感到惊讶,"我感到失望的是,翻修是如何 抹去建筑的历史特征的。"
新的语言交流方案大大提高了我的流利和文化理解。,语言课程结构不完善让我对外国文化更加困惑。
"参加关于个人成长的激励性研讨会后,","坐在关于自我改进的肤浅的谈话中,我感到怀疑。"
"最近对应用程序的更新使其更方便用户,更有效率。",软件的最新修改使其使用更加复杂和令人沮丧。
在技术会议上提出的创新解决方案给我留下了深刻印象。,"工业大会上缺乏原创想法,我对此感到很羞愧。"
新的健康工作方案大大改善了雇员的健康和满意度。,办公室的强制性健身倡议在工作人员中造成了压力和怨恨。
"在听从个人财务手册的建议之后,我感到在财政上更加安全。","读到惊恐经济预测后,"
社区花园项目将一片空地变成一个美丽、有生产力的空间。,被忽略的公园翻新 已经离开我们的邻居 眼神和安全的危害。
我对可再生能源创造更可持续未来的潜力感到兴奋。,我担心从传统能源的转变 带来的经济影响。
新的合作工具大大提高了我们团队的生产力和通信能力。,"复杂的项目管理软件阻碍了我们的工作流程,造成了混乱。"
"参加在线烹饪课程后,","在尝试复杂的食谱后,我对在厨房里的能力感到沮丧。"
该市的文化节增进了不同社区之间的理解和欣赏。,组织不周的多文化活动加剧了紧张和误解。
"我印象深刻的是,公司如何优先为雇员提供心理健康支助。",我对本组织缺乏工作与生活平衡的举措感到关切。
新的公共艺术设施为我们的社区带来了活力和讨论。,这个有争议的雕塑在附近引起分裂和抱怨。
"了解消费者权利与保护后,","在发现消费者保护法的漏洞后,我感到更加脆弱。"
经过重新设计的网站使人们更容易找到信息和获取服务。,经过大修的场地使得更难以导航和找到必要的资源。
我对纵向农业解决城市粮食安全问题的潜力感到兴奋。,我怀疑能源密集的室内农业对环境的影响。
新的默思应用软件大大改善了我的压力调控和睡眠质量。,过度放松计划对缓解我的焦虑和失眠没有什么帮助。
"参加野外生存课程后,我感到与自然的关系更加密切。",我感到更疏远 与户外 在艰苦和不舒服的露营之旅后。
该公司对公平贸易的承诺改善了发展中国家工人的条件。,该组织的外包做法导致失业和当地标准降低。
气候变化纪录片提出的创新解决方案给我留下了深刻印象。,我对环境电影中描绘的暗淡前景感到沮丧。
新的共同工作空间促进了创造性和联网机会。,拥挤的共用办公室导致分心和缺乏隐私。
"在参加交流讲习班之后,我对我的公开演讲能力更有信心。",我更担心在高压言语训练后 出现。
城市种植更多树木的举措明显改善了空气质量和美学。,规划不周的城市发展导致绿色空间丧失和污染增加。
我对连锁技术在提高各行业透明度方面的潜力感到兴奋。,我担心能源密集型加密货币开采 对环境的影响
博物馆新的虚拟现实展览使艺术更具互动性和吸引力。,"美术馆过分依赖技术,减损了真正的艺术经验。"
"在参加财务规划研讨会之后,我感到对未来更有准备。","了解复杂的退休金制度后,"
"该公司转向可持续包装,大大减少了我们的环境足迹。","执行不力的生态友好倡议增加了成本,但没有明显的好处。"
我对学校如何整合技术 来提升学习经验印象深刻,我担心在教育中过度使用屏幕和数字工具。
新的农民市场为我们地区带来了新鲜的当地产品和社区感。,"价格过高的商店食品店使杂货购物更贵,更难买到。"
"参加文化交流计划后,","在令人失望的海外经历之后,我对国际关系更加失望。"
创新性交通管理系统大大减少了市中心的拥挤。,"道路改变执行不力,给通勤者造成了混乱,增加了出行时间。"
我对基因编辑的潜力很兴奋 以防止遗传疾病。,我担心改变人类DNA的伦理影响
新的回收方案使居民更容易减少废物。,复杂的废物分类系统使许多人不愿适当回收。
"在了解认知偏见之后,我对自己的决策更有信心。","研究人类推理的缺陷后, 我对自己的判断感到更不确定。"
公司灵活的工作时间政策大大改善了我的工作与生活的平衡。,对随时可用的期望模糊了工作与个人时间之间的界限。
我对这座城市如何将旧工业区 振兴为兴旺的艺术区印象深刻,我担心气质化 将长期居民赶出邻居区
新的健康跟踪应用程序激励我采取更健康的习惯和习惯。,不断的健康监测增加了我对每一个小的生理变化的忧虑。
"研究我家族的基因后,我感到与我的遗产的关系更加密切。","发现关于我祖先的不自在的真相后, 我感到更与我的根更加疏远。"
"创新教学方法使学习数学更加吸引人,更易于理解。",实验课程使学生在基本技能方面感到困惑和落后。
我对三维打印的潜力很兴奋 能够使制造业革命化 减少浪费,我担心三维印刷对传统手工艺和劳务市场的影响。
新的公共交通系统使通勤效率更高、更方便。,计划不周的过境改变使城市周围更加令人沮丧和耗时。
"了解我作为租户的权利后,我感到更有权力。","在发现住房条例的漏洞后,我感到更加脆弱。"
公司辅导计划 大大加快了我的专业成长,"我的职业生涯缺乏指导,使我感到停滞和不确定。"
"我印象深刻的是,社区如何聚集在一起, 在经济衰退期间支持当地企业。","我感到沮丧的是,在充满挑战的时代,我们的邻里缺乏团结。"
新的健身房设备使我的健身工作更有效和更方便。,"过分拥挤的健身中心使得锻炼工作压力更大,生产力更低。"
接受城市素描的新爱好后 我觉得更有创意了,"在努力克服学习绘画的挑战之后,我感到更加沮丧。"
公司在环境影响方面的透明度提高了我对其品牌的信任。,该组织的绿化洗涤努力让我怀疑他们的生态友好主张。
我对扩大现实的潜力 来提升日常生活感到兴奋,我担心人们沉浸在虚拟世界中 与现实越来越脱节
新的社区中心已成为一个充满活力的社会活动和学习中心。,公共空间利用不足已成为对当地资源的消耗和错失的机会。
"加入国际新闻服务后,","在不断面临世界性问题之后,我感到更加不堪重负和焦虑。"
废物管理的创新办法大大减少了我们地区的垃圾填埋场。,无效的回收利用方案在解决我们日益严重的垃圾问题上没有做什么。
我对学校如何将心理健康支助纳入其课程印象深刻。,我担心我们教育系统里 学生福利缺乏资源
"新的协作工作空间促进了创造性,改善了团队动态。","开放式计划办公室增加了分心,降低了生产率。"
"参加在线烹饪课程后,","我对在厨房里的能力感到更沮丧,因为没有掌握食谱。"
城市建立更多绿色空间的倡议大大改善了城市生活。,对公园的忽视导致户外娱乐机会减少。
我对个性化药物的潜力很兴奋 它可以改善治疗结果,我对医疗中遗传特征分析 的隐私影响感到担忧
"新的预算应用程序帮助我控制了财务,减轻了压力。",复杂的金融软件 使得管理我的钱 更加混乱和焦虑
"参加传统节庆后,","在我们的文化庆祝活动商业化之后,我感到与我的根更脱节。"
该公司对工作与生活平衡的承诺大大提高了雇员的满意度。,本组织对随时可用情况的预期已导致工作人员疲惫不堪。
在可持续性会议上提出的创新解决方案给我留下了深刻印象。,环境研讨会上缺乏实际想法 我对此感到沮丧
新的自行车车道使骑自行车者更安全、更方便地乘车。,计划不周的循环道路加剧了交通堵塞和行人危险。
"在经常进行冥想之后,我感到更加体贴和放松。","在默思努力中努力想通之后,我感到更加沮丧和不耐烦。"
该公司对雇员培训的投资大大提高了生产率和士气。,缺乏专业发展机会导致停滞和工作不满。
我对可再生能源创造更可持续未来的潜力感到兴奋。,我担心从传统能源的转移 会造成经济混乱
新的社区花园将一片空地变成一个美丽、有生产力的空间。,被忽略的公共场所已成为一个眼神和邻里投诉的来源。
我对在接受急救课程后处理紧急情况的能力更有信心。,"在了解到所有可能出错的事情后, 我更担心潜在的事故。"
重新设计的用户界面使软件更加直观和高效使用。,对程序布局的不必要修改使得导航更加混乱和费时。
酒店如何在不损害舒适的情况下 实施环保做法 令我印象深刻,我对度假胜地表面试图维持生计 给客人带来不便感到失望
新的语言交流方案大大提高了我的流利和文化理解。,语言课程结构不完善使我更困惑外语和文化。
"了解消费者保护法和权利后,","发现消费者保障漏洞后,我感到更加脆弱。"
"该公司转向可持续的包装,大大降低了我们的环境影响。",匆忙转向生态友好型材料导致产品损坏和客户投诉。
我对人工智能解决复杂的全球问题的潜力很兴奋,我担心依赖AI 做出关键决策的道德影响。
新的农民市场为我们地区带来了新鲜的当地产品和社区感。,"价格过高的个体食品趋势使杂货购物更便宜,更难获得。"
"参加国际交流计划后,","在令人失望的海外经历之后,我对跨文化理解更加失望。"
创新性交通管理系统大大减少了市中心的拥挤。,"令人困惑的新道路布局造成了混乱,增加了通勤者的旅行时间。"
我对博物馆如何通过科技 使艺术更互动 更吸引人印象深刻,我感到失望的是 画廊对数字显示的 关注 是如何分散了 对原始艺术作品。
新的共同工作空间促进了创造性和宝贵的联网机会。,非个人共同办公导致缺乏公司文化和雇员忠诚。
"在参加财务规划讲习班之后,我感到对未来更有准备。","了解长期投资的复杂性后,我更担心退休。"
这座城市恢复历史建筑的倡议 保护了我们的文化遗产,"对旧结构的侧重转移了资源,使其无法满足现代城市发展的紧迫需求。"
我对纵向农业解决城市粮食安全问题的潜力感到兴奋。,我怀疑室内农业的高能耗 和有限的作物种类
新的虚拟现实培训方案大大提高了雇员的技能和安全。,过度依赖模拟使工人对现实世界的挑战准备不足。
"参加野生生物保护计划后,","在目睹了生境破坏的程度之后,我对环境感到更加悲观。"
公司在合并期间的透明沟通保持了雇员的信任和士气。,"公司重组期间缺乏明确信息,导致普遍不确定性和压力。"
我对学校如何将STEM科目纳入创造性和参与性项目印象深刻。,我对以艺术和人文教育为代价 过分强调技术感到担忧
新的远程医疗服务使医疗保健更容易获得和方便。,向虚拟医生看病的转变使医疗保健感到人性化和不够彻底。
"在参加交流讲习班之后,我对我的公开演讲能力更有信心。",我更自觉地在演讲训练的 批评反馈后 提出来。
创新的废物变能源工厂把我们的垃圾问题变成了可持续的电源。,新的焚化设施的排放引起了对我们地区空气质量的关切。
我对封锁链在提高供应链透明度方面的潜力感到兴奋。,我担心电能消耗 和环环科技对环境的影响。
该公司对雇员健康的重视创造了一个更积极和生产性的工作环境。,"强制性保健倡议受到侵扰,增加了我们本已繁忙的日程安排的压力。"
"在学习可持续投资和符合道德的融资选择后,我感到更有权力。","发现「道德基金」中绿化洗涤的流行后, 我对金融系统感到更愤世嫉俗。"
新的人文工程办公家具大大改善了我工作的舒适度和生产率。,"新的办公桌设置让我身体紧张,降低了工作效率。"
我对地方政府如何让公民参与城市规划过程印象深刻。,我对近期城市发展决策中 缺乏社区投入感到沮丧
创新的回收利用方案使减少家庭垃圾变得容易和有回报。,复杂的废物分类规则使许多人不愿参与回收工作。
"参加个人财务课程后,我对财务决定更有信心。","我更担心金钱管理,"
新的公园把我们的邻里变成了一个充满活力的社区聚集空间。,维护不良的绿地已成为我们地区的一个眼神和安全关切。
我对实验室生产的肉可以减少食物生产对环境的影响感到兴奋。,我怀疑人工制造的食品的营养价值 和长期影响
公司的指导方案 加速了我的专业成长和职业前景,"工作缺乏指导和支持,使我在职业生涯中感到停滞。"
新的数字图书馆使得查阅各种书籍和资源非常方便。,"改用电子书使得阅读感觉不那么愉快,更像屏幕时间。"
"在当地食品银行做志愿工作后,","看到我们地区粮食无保障的程度后,我对社会问题更加失望。"
创新的节水技术大大降低了我们的家庭消费。,严格的用水限制使日常工作更具挑战性和耗时性。
"我印象深刻的是,学校如何结合了注意做法,以支持学生的福祉。",我担心学校的注意力 集中在时尚健康方案上 却牺牲了学术礼仪
新的自行车共享系统使得绕过城市变得既容易又负担得起。,"管理不良的租用自行车使人行道一片混乱,给行人造成危险。"
"了解我的数据隐私权和在线安全措施后,","发现我的个人信息有多少可以在线查阅后,"
公司灵活的工作安排大大改善了我的工作与生活的平衡。,"人们期望远距离工作能够持续提供,这使我的工作与个人生活之间的界限变得模糊不清。"
我对虚拟现实 革命教育和培训的潜力很兴奋,我担心VR技术 有可能进一步将人们 与现实世界的相互作用隔离开来
新的社区中心提供面向所有年龄组的广泛活动。,"利用不足的公共设施已成为对当地资源的消耗,无法满足社区需要。"
"参与零废物挑战后,",我感到难以维持一种完全无浪费的生活方式。
创新的城市农业项目为我们的城市带来了新鲜产品和绿色空间。,计划不周的农业倡议导致居民区出现噪音和病虫害问题。
"我印象深刻的是,公司如何将道德来源和公平贸易做法作为优先事项。",我对该组织肤浅地试图追究企业社会责任感到失望。
新的医疗保险政策以负担得起的费率提供全面保险。,"复杂的保险计划有隐藏费用,不包括基本医疗服务。"
"在完成逻辑和批判性思维过程之后,我对解决问题的技能更加有信心。","在经过复杂的推理练习后, 我对自己的分析能力感到更怀疑。"
城市对公共艺术的投资 已经把无趣的空间 变成了充满活力 鼓舞人心的环境,引起当地居民的分歧和不满。
新的食谱应用使饭食规划和烹饪更加令人愉快、没有压力。,"烹饪软件过于复杂,使得做饭更费时、更令人沮丧。"
我对基因治疗的潜力很兴奋 治疗以前不治之症,我担心基因操纵的伦理影响 和未知的长期影响
该公司对多样性和包容性的承诺创造了一个更有活力的、创新的工作场所。,执行不力的多样性倡议导致雇员之间的紧张关系和怨恨。
新的智能家庭系统使管理家务工作更有效率、更方便。,复杂的家庭自动化设施给日常生活增加了压力和技术困难。
"经过全面的国际新闻播客之后,","在不断受到令人震惊的全球新闻报导后,"
创新的净水技术大大改善了获得清洁饮用水的机会。,不可靠的水处理系统引起了人们对我们自来水安全的关切。
我对博物馆如何通过互动展览 使历史生机勃勃印象深刻,我对博物馆以历史的准确性为代价 专注于显微镜展示感到失望
"新的默思应用软件大大降低了我的压力,提高了我的睡眠质量。",保持完美的冥想记录的压力增加了我每天的压力和焦虑。
该公司对可再生能源的投资大大减少了碳足迹。,向绿色能源的仓促过渡导致成本和可靠性问题增加。
"参加野生生物摄影工作坊后,","在目睹旅游业对野生生物生境的影响之后,我对生态系统的破坏感到更加关切。"
创新性交通管理系统大大减少了拥挤和通勤时间。,令人困惑的新道路布局增加了交通堵塞和司机的沮丧情绪。
我对三维打印的潜力很兴奋 能够使制造业革命化 减少浪费,我担心3D印刷技术 对传统手工艺和工作的影响
"新的共同生活空间培养了一种社区感,使城市的生活更加负担得起。",拥挤的共用住房安排导致缺乏隐私和不断的社会压力。
"在参加备灾课程之后,我感到对紧急情况更有准备。","在了解了所有可能的灾害情况之后,我对潜在的灾难感到更加担忧。"
公司在重组期间的透明沟通保持了雇员的信任。,"公司变革期间缺乏明确信息,导致普遍不确定性和士气低落。"
新的语言学习应用程序使得获得新的语言乐趣和无障碍。,拼写语言方案将娱乐放在优先于有效长期学习的优先地位。
我对学校如何整合技术 来提升学习经验印象深刻,我担心过份依赖数字工具 而牺牲了传统的学习方法
创新的城市规划创造了一个更可行走、更宜居的城市中心。,城市更新导致的风化使长期居民和当地企业流离失所。
新的远程医疗服务使医疗保健更容易获得和方便。,向虚拟医生看病的转变使医疗保健感到人性化和不够彻底。
"在学习可持续投资和符合道德的融资选择后,我感到更有权力。","发现「道德基金」中绿化洗涤的流行后, 我对金融系统感到更愤世嫉俗。"
该公司对雇员健康的重视创造了一个更积极和生产性的工作环境。,"强制性保健倡议受到侵扰,增加了我们本已繁忙的日程安排的压力。"
我对扩大现实的潜力感到兴奋 以提升日常生活与教育。,"我担心的是,随着人们沉浸在扩张世界中, 与现实的脱节越来越严重。"
"新的社区花园将邻居聚集在一起,增加了获得新鲜产品的机会。",管理不当的共用花园导致了责任和资源分配方面的争议。
"参加在线艺术课程后, 我对自己的创作能力更有信心。","努力学习网上教授的技巧后, 我对艺术技能感到更沮丧。"
创新的回收利用方案使减少家庭垃圾变得容易和有回报。,复杂的废物分类规则使许多人不愿参与回收工作。
该公司对工作与生活平衡的承诺大大提高了雇员的满意度和保留率。,本组织对工作与生活平衡的口吻并没有转化为工作量或期望的有意义的变化。
这座城市如何将废弃的空地 恢复为繁荣的社区枢纽 令我印象深刻,我担心历史特征的丧失 旧建筑的改造 将不考虑他们的遗产
新的公共交通系统提高了通勤的效率和环保性。,"由于过境服务不可靠和过于拥挤,每天的旅行更加紧张和耗时。"
新的人文工程办公椅 大大改善了我的姿势 减轻了后背疼痛,不舒服的新座位安排 加剧了我工作时的身体不适
"当地节日如何将不同的社区和文化聚集在一起,我对此印象深刻。",我对文化活动的商业化 如何淡化了其真实性感到失望
创新的城市园艺倡议将混凝土空间转化为绿绿绿洲。,维护不良的社区地块已成为害虫的观察家和繁殖地。
"了解自己在数字市场作为消费者的权利后,","在网上购物中发现数据收集的范围后,我感到更加脆弱。"
公司的指导计划 加速了我的专业成长 扩大了我的网络,缺乏职业发展机会使我感到停滞和被低估。
新的健身应用软件使保持一贯的锻炼习惯变得容易和有动力。,过于苛刻的锻炼程序 导致我的健身之旅 燃烧和沮丧
我对可再生能源创造更可持续未来的潜力感到兴奋。,我担心太阳能电池板和风力涡轮机的制造和处置对环境的影响。
创新的节水技术大大减少了我们的家庭开支。,复杂的节水装置使淋浴等简单的任务更加令人沮丧。
"参加邻里观察计划后, 我觉得与社区的关系更紧密。","在意识到我们地区未报告的事件之后,我对当地的安全感到更加担忧。"
新的在线学习平台使工作成人更容易获得和灵活掌握教育。,电子学习的非个人性质使得难以保持积极性和参与课程材料。
公司在合并期间的透明沟通保持了雇员的信任和士气。,"公司重组期间缺乏明确信息,导致普遍不确定性和压力。"
我对餐厅如何在不损害食品质量的情况下 采用可持续的做法印象深刻。,"我怀疑这个机构 生态友好的要求, 这似乎更像是营销策略 而不是真正的努力。"
"新的公共图书馆设计创造了一个令人欢迎的空间,鼓励阅读和社区参与。","图书馆的现代化减少了书籍数量,使技术特点更加分散注意力。"
"在参加了批判性思考研讨会之后,我对自己的决策技能更有信心。","了解影响我们选择的许多认知偏见后, 我对自己的判断感到更怀疑。"
创新性交通管理系统大大减少了高峰时间的拥挤。,"新的道路布局混乱,增加了旅行时间和司机的沮丧情绪。"
公司灵活的工作政策大大改善了我的工作-生活平衡和工作满意度。,"预计远距离工作安排会持续提供,这模糊了个人生活与职业生活之间的界限。"
我对人工智能解决复杂的全球挑战的潜力很兴奋,我担心关键决策程序依赖AI的道德影响。
"新的社区中心提供广泛的活动,满足所有年龄组和利益。","利用不足的公共设施已成为对当地资源的消耗,无法满足社区的实际需要。"
"参加当地海滩清理计划后,","看到清理干净的海滩又被垃圾丢弃 之后,我感到被污染的规模所压倒。"
创新的纵向农业项目为我们城市地区带来了新鲜产品和绿色就业机会。,能源密集型室内农业结构引起了人们对其对环境的真正影响的关切。
我对博物馆如何通过科技 使艺术更互动 更吸引人印象深刻,"我感到失望的是,对于数字显示的注意力 是如何减弱了对原创艺术品的欣赏。"
"新的远程医疗服务使保健更容易获得,特别是农村社区。",向虚拟医生访问的转变使得与保健提供者建立个人关系更加困难。
"在参加交流讲习班之后,我对我的公开演讲能力更有信心。",我更自觉地在演讲训练中 收到批判性反馈后 提出来
该公司对雇员培训的投资大大提高了生产率和工作满意度。,强制再培训方案使我们本已繁忙的日程安排增加了压力和不带薪加班。
新的自行车共享系统使得以可持续方式绕过城市变得既容易又负担得起。,"管理不良的租用自行车使人行道一片混乱,给行人造成危险。"
我对基因编辑的潜力很兴奋 以防止遗传疾病。,我担心改变人类DNA的伦理影响 和未知的长期影响
创新的废物变能源工厂把我们的垃圾问题变成了可持续的电源。,新的焚化设施的排放引起了对我们地区空气质量的关切。
"参与虚拟文化交流计划后,","我感到更疏远于其他文化,"
新的智能家用系统提高了管理家务工作的效率和节能。,复杂的家庭自动化设施在日常生活中增加了技术困难和隐私问题。
该公司对雇员健康的重视创造了一个更积极、更有利的工作环境。,侵入性健康倡议使我感到压力和判断我的个人生活方式选择。
"我印象深刻的是,学校如何结合了注意做法,以支持学生的福祉。","我担心,对情感学习的重视 正在占用时间 从核心学术科目。"
新的农民市场给我们的邻居带来了新鲜的当地产品和社区感。,时髦的粮食市场导致我们一度安静的住宅区的交通量和噪音增加。
"在学习可持续投资和符合道德的融资选择后,我感到更有权力。","发现「道德基金」中绿化洗涤的流行后, 我对金融系统感到更愤世嫉俗。"
创新的回收利用方案使减少家庭垃圾变得容易和有回报。,复杂的废物分类规则使得垃圾处理过程既费时又令人沮丧。
公司透明的薪资政策增加了雇员之间的信任和积极性。,公开分享薪金信息造成团队内部的紧张和怨恨。
我对虚拟现实 革命教育和培训的潜力很兴奋,我担心VR技术 有可能进一步将人们 与现实世界的相互作用隔离开来
新的共同工作空间促进了创造性和宝贵的联网机会。,"开放式计划办公室不断分散注意力,缺乏隐私,妨碍了生产力。"
"在参加财务规划讲习班之后,我感到对未来更有准备。","了解长期投资的复杂性后,我更担心退休。"
该市建立更方便行人区的倡议改善了城市生活经验。,"由于新的步行区,停车位减少,使得乘车上下班极为困难。"
"远程团队建设的创新办法加强了我们的公司文化,尽管距离很远。","强迫的虚拟社会事件感到尴尬,并增加了屏幕疲劳症。"
我印象深刻的是 餐厅如何调整 提供高质量的外卖餐 在挑战时期。,"我对食物质量下降和包装垃圾增加感到失望,"
新的语言学习应用程序使得获得新的语言乐趣和无障碍。,拼写语言方案将上瘾特征置于有效长期学习的优先地位。
"上在线艺术课程后,","将我的工作与网上课上的其他人相比较后,"
"该公司转向可持续的包装,大大降低了我们的环境影响。","改用生态友好材料,导致产品保护减少,航运过程中损失增加。"
创新的城市规划创造了一个更可行走、更宜居的城市中心。,城市更新带来的气质化已经使长期居民和当地企业付出了代价。
我对连锁技术在提高各行业透明度方面的潜力感到兴奋。,我担心与铁链相关的大量能源消耗 及其对环境的影响
新的数字图书馆使得查阅各种书籍和资源非常方便。,"向电子书的转变使得阅读感觉不那么愉快,更像是延长屏幕时间。"
公司的指导方案 加速了我的专业成长和职业前景,"监督制度执行不力,造成了额外的压力和不明确的期望。"
"在当地食品银行做志愿工作后,","看到我们地区粮食无保障的程度后,我对社会问题更加失望。"
创新的净水技术大大改善了偏远地区获得清洁饮用水的机会。,"由于依赖复杂的净化系统,社区易受技术故障和缺水的影响。"
新的人文工程键盘 大大降低了我的手腕紧张 提高了我的打字速度,"陌生的键盘布局使我的工作减慢,在调整期间造成挫折感。"
我对地方政府如何让公民参与参与性预算编制倡议印象深刻。,"我感到失望的是,我们社区税收分配方式缺乏透明度。"
创新的太阳能板租赁方案使更多的家庭能够获得可持续能源。,太阳能租赁方案的隐藏成本和长期合同给许多家庭造成了财政压力。
我更有信心在接受基于注意的减轻压力课程后能够应付压力。,"在日常生活中努力运用冥想技巧之后,我对心理健康感到更加焦虑。"
新的混合用途发展为我们的邻居带来了充满活力的能源和便利设施。,"大型建筑项目破坏了我们社区的特点,并增加了交通堵塞。"
我对个性化药物的潜力很兴奋 它可以改善各种疾病的治疗结果,我担心隐私的影响 和潜在的歧视 基于遗传信息 在医疗保健。
该公司为期四天的工作周试验提高了生产率和雇员的满意度。,压缩工作时间表导致工作量管理的压力和难度增加。
"新的增强现实应用软件探索了城市的历史,","以数字经验为焦点, 导致一群分散注意力的游客和不尊重历史遗迹。"
"使用综合患者门户网站后,",我对通过网络系统向病人提供的医疗信息和责任感到无比沉重。
创新的纵向耕作技术大大提高了城市地区的作物产量。,能源密集的室内耕作方法引起了人们对其总体环境影响的疑问。
"我印象深刻的是,学校如何将基于项目的学习综合起来,以加强学生的参与。",我担心对集体项目的关注 导致个人问责制和基本技能的下降
新的自行车车道网络使自行车上下班更加安全和方便。,"车道减少以容纳骑自行车者,加剧了机动车辆的交通堵塞。"
"参加传统手工艺讲习班后,","看到年轻一代缺乏兴趣,"
"该公司对工资谈判采取透明的做法,创造了更公平、更积极的工作环境。",对薪金的公开讨论导致小组成员嫉妒和士气下降。
我对自治车辆在减少交通事故和改善机动性方面的潜力感到兴奋。,我担心失去工作 和与自驾车技术有关的道德困境
新的社区堆肥计划 大大减少了我们邻居的有机废物,"管理不善的堆肥收集工作吸引了害虫,在居民区造成不愉快的臭味。"
"听从个人财务播客系列的建议后,","在意识到我在实现共同财政里程碑方面远远落后于我之后,我对资金感到更加担忧。"
创新的雨水收集系统减少了我们对市政供水的依赖。,"复杂的水管理设施容易发生故障,需要不断维修。"
"我印象深刻的是,公司如何优先为雇员提供心理健康支助。",我担心对心理健康资源的强调 正在被用来转移注意力 从处理有毒的工作文化 问题。
新的虚拟现实健身班使得在家工作更具参与性和有效性。,"依靠昂贵的VR设备进行锻炼,给保持一贯的健身习惯设置了障碍。"
城市对公共艺术设施的投资 已经把无趣的空间 变成了充满活力 鼓舞人心的环境,争议性艺术作品引发了对公共资金使用情况的分歧和抱怨。
"在参加全面备灾课程之后,我感到对紧急情况更有准备。","在了解了所有可能的灾害情况之后,我对潜在的灾难感到更加担忧。"
废物分类的创新办法大大提高了我们社区的回收率。,过于复杂的回收规则使许多居民不愿参加该方案。
该公司对继续教育的投资开辟了新的职业发展机会。,"不断提高技能的压力增加了压力,模糊了工作与个人时间之间的界限。"
我对IoT设备的潜力很兴奋 它可以让我们的家更节能 更方便,我担心的隐私影响 和潜在的安全弱点 拥有一个完全连接的家。
"新的共同生活空间培养了一种社区感,使城市生活更加负担得起。",在共同住房方面缺乏隐私和不断的社会互动已经变得精神上疲惫。
"参加积极的纪律研讨会后,我对为人父母的技巧更有信心。","在接触相互矛盾的建议和方法之后,我对为人父母的方法感到更不确定。"
公司转向远程工作改善了我的工作-生活平衡和工作满意度。,远离家庭工作对团队凝聚力和我的归属感产生了负面影响。
城市养蜂的创新办法增加了城市的生物多样性和授粉量。,"城市蜂巢的激增导致蜂刺增加,居民过敏反应增加。"
我对博物馆如何通过互动展览 使科学概念可以理解 印象深刻,"我感到失望的是,对娱乐的注重 已经牺牲了深入的科学解释。"
"新的远程医疗平台方便了与专家协商,而不论地点。",虚拟咨询的非人性性使得难以与保健提供者建立信任。
"在学习了道德和可持续品牌之后,我感到自己在消费者选择方面更有权力。",在全球化经济中作出真正符合道德的购买决定的复杂性使我感到不堪重负。
该公司实施AI驱动的客户服务大大改善了反应时间。,过分依赖闲聊爱好者使解决需要人类理解的复杂问题令人沮丧。
城市耕作的创新办法为混凝土丛林带来了新鲜产品和绿色空间。,管理不善的城市农业项目导致土地使用争端和病虫害增加。
我对块链在提高投票系统的安全性和透明度方面的潜力感到兴奋。,我担心技术障碍 和新形式的选举操纵 与电链投票。
新的语言交流会使外语练习变得有趣和有社会参与。,"语文交流活动缺乏结构,导致学习经历前后不一致。"
"完成家庭改善在线课程后, 我对自己的DIY技能更有信心。","我感到更犹豫的是,在意识到造成代价高昂的错误的复杂性和可能性之后,要承担住房项目。"
该公司在产品收回期间的透明通信保持了客户信任。,最近产品安全问题使我对品牌的质量控制程序持怀疑态度。
创新的小额供资办法赋予了发展中社区的小企业主权力。,一些小额供资机构的高利率和积极收债做法导致债务周期。
我对学校如何整合户外教育 以提高学习和福祉印象深刻。,我担心对户外活动的强调 已经牺牲了学术上的严谨 和课堂上的时间。
新的公民参与应用程序使公民更容易参与地方决策。,向公民参与数字平台的转变排除了那些没有可靠互联网接入的人。
"改用零废物生活方式后, 我觉得环境上更负责任。","为了维持一个完全无浪费的家庭,我不断需要作出努力,我对此感到无所适从。"
"该公司实行一个平板的组织结构,促进了创新和快速决策。",缺乏明确的等级造成了本组织内部角色和责任的混乱。
"使用AI对交通管理采取创新办法,大大减少了该市的拥挤。","交通控制依赖算法,导致意外瓶颈和司机受挫。"
我对三维印刷器官 有可能使移植医学领域 发生革命感到兴奋,我担心在获得生物印刷器官方面 道德影响和不平等的可能性
"新的协作工作空间促进了创造性,改善了团队动态。","开放式办公布局增加了分散注意力,降低了重点工作的生产率。"
"我更了解全球议题,","面对全球新闻与危机最新消息,"
"塑料回收的创新办法创造了新的材料,减少了垃圾填埋场废物。",对回收利用的侧重已经偏离了旨在完全减少塑料消费的更具影响力的努力。
该公司的休假计划为个人成长提供了一个令人振奋的休息时间和机会。,"由于长期缺勤,重返社会和追赶错过的事态发展具有挑战性。"
这座城市如何将废弃的空地 重新注入繁荣的社区花园 令我印象深刻,我担心随着发展压力的增加 这些绿色空间的暂时性
新的播客应用程序的个人化建议 向我介绍了一些我无法找到的有趣内容。,"该应用程序的算法创造了一个回声室, 限制我接触各种观点和想法。"
当地剧场如何调整 提供创新的户外表演 令我印象深刻,向户外场地的转变损害了音频质量和表演的总体经验。
"该公司实施为期四天的工作周,改善了雇员的工作与生活平衡,同时又不牺牲生产力。","压缩工作周导致日数延长,压力增加,难以与客户和合作伙伴协调。"
"新的智能交通灯大大缩短了等候时间,改善了城市的交通流量。","过度依赖自动化系统导致交通模式混乱,并增加了近距离行走。"
"参加社区时间银行倡议后,",银行系统造成令人不舒服的义务和不平等的服务交换的时间。
海洋清理的创新办法在减少塑料污染方面已显示出可喜的成果。,"把重点放在清理现有污染上,首先偏离了防止塑料进入海洋的努力。"
新的虚拟现实博物馆参观使世界各地的人能够接触艺术。,数字体验减少了亲眼看到艺术品的影响和欣赏。
我对实验室生产的肉可以减少食物生产对环境的影响感到兴奋。,我对替代传统动物产品的 长期健康影响和文化影响持怀疑态度
该公司在算法决策方面的透明做法增加了人们对其人工智能系统的信任。,"算法的复杂性使得不可能真正透明,为隐蔽的偏见和操纵留有余地。"
这个创新的城市健康景象项目在吵闹的城市环境中创造了一些安宁区。,"人工声音装置感到不自然,扰乱了真正的城市气氛。"
"在使用AI驱动投资咨询应用程序后,",我对依赖算法做出重要的财务选择 而不完全理解其逻辑感到不安
"新的工作生物鉴别安全系统简化了准入,改善了总体安全。","生物鉴别数据的收集引起了对隐私的关切,并造成雇员的焦虑。"
城市在绿色屋顶上的投资 美化了城市景观 并改善了空气质量,绿色屋顶的维护要求给建筑物业主和租户增加了额外负担。
"我印象深刻的是, 在线课程如何 使高级编码技能 可供初学者使用。","许多学生感到不堪重负, 准备不足, 无法适应现实世界的应用。"
"以植物为基础的新的肉类替代品使食用素食更容易,更令人愉快。",肉类代用品的高度加工性质引起了人们对其长期健康影响的关切。
雨水收集的创新办法大大减少了农村地区的缺水情况。,"由于依赖不可预测的降雨模式,供水系统出现了新的脆弱性。"
"使用公民参与应用程序后,","民事义务的编纂使重要问题被轻视,并促进了浅薄的参与。"
该公司以技能为基础的雇用办法创造了更多样化、更有活力的团队。,注重特定技能导致忽视文化适合和长期潜力等其他重要素质。
"新的自动送货机器人使当地购物更加方便,减少了交通量。","送货机器人的扩散使人行道一片混乱,并引起行人的安全关切。"
我对量子计算 解决复杂的全球挑战的潜力很兴奋,我担心量子计算对目前加密方法的安全影响
"森林管理的创新办法增加了生物多样性,减少了野火风险。",森林管理的干预性做法破坏了自然生态系统和土著土地使用做法。
"新的顺畅反馈设备让虚拟体验感觉更沉浸,更现实。","虚拟感觉日益现实,使人们对吸毒成瘾和脱离现实感到担忧。"
"在采用限制时间的生产力方法之后,我感到更有成效。","僵硬的日程安排使我感到受到限制,无法适应突发情况。"
"该公司实行流氓法,赋予雇员权力,促进创新。",缺乏传统等级造成了决策过程中的混乱和低效率。
新的智能家庭能源系统大大减少了我们的电费和碳足迹。,"复杂的能源管理系统容易出现故障,有时使我们失去电力。"
"我印象深刻的是,学校如何结合了注意做法,以支持学生的福祉。","注重注意问题占用了学术科目的时间,可能不适合所有学生。"
创新的纵向耕作技术为城市粮食沙漠带来了新鲜产品。,纵向耕作的能源密集性质使人对其总体可持续性产生疑问。
新的数字移民签证为远程工作和旅行开辟了令人兴奋的机会。,"数字游牧民的涌入抬高了当地价格,改变了传统社区的特点。"
"在徒步旅行期间使用扩大的现实自然应用后, 我感到与野生生物的联系更加紧密。",对技术的依赖削弱了野外勘探的自然经验和真实性。
该公司激进的透明政策创造了信任和问责制的文化。,信息过多导致信息疲劳和不必要的人际冲突。
新的生物工程作物在增加产量和抗虫害抗药性方面已显示出可喜的成果。,"转基因生物的长期生态影响仍然不确定,而且与生态影响有关。"
我对大脑-电脑接口 帮助残疾人的潜力很兴奋,我担心与直接神经接口有关的 隐私和安全风险
"塑料道路的创新办法减少了废物,改善了道路的耐用性。",在道路建设中使用塑料引起了人们对环境中微塑料污染的关切。
"新的同侪能源贸易平台赋予了房主权力,并促进了可再生能源的使用。",能源贸易体系的复杂性在技术保存用户和其他用户之间造成了新的不平等。
"使用人工智能的症状检查程序后, 我觉得自己更了解自己的健康状况。","医疗应用增加了我对轻微症状的焦虑,导致不必要的医生探视。"
"公司转向只注重结果的工作环境,提高了灵活性和工作满意度。","仅仅注重结果造成了压力,迫使人们不断生产,模糊工作与生活的界限。"
珊瑚礁复原的创新办法在恢复海洋生态系统方面已显示出可喜的成果。,"珊瑚礁管理的干预性办法可能正在转移资源,用于解决珊瑚退化的根本原因。"
新的扩大的现实镜使导航和信息访问变得非常方便。,AR眼镜不断的视觉覆盖 已经变得分散注意力 并减少了真正的人类互动
我对城市如何整合智能传感器 来改善空气质量和减少污染印象深刻,环境传感器的广泛使用引起了人们对监视和数据隐私的关切。
"该公司采用供应链管理链,提高了透明度和效率。","向以供应链为基础的系统的过渡费用高昂,具有破坏性,长期效益不确定。"
"创新的浮动太阳能农场扩大了清洁能源生产,但没有使用宝贵的土地。",大型浮太阳设施扰乱了水生态系统和划船活动。
"使用虚拟现实实践环境后,",VR的模拟观众没有捕捉到真实的公开演讲情况的细微差别和压力。
新的生物包装材料大大减少了产品运输中的塑料废物。,"由于缺乏适当的堆肥设施,堆肥包装往往最终变成填埋场,从而抵消了它的好处。"
"该公司实施普遍基本收入试点,为参与者提供了财政稳定。","UBI实验使人们担心工作动机减少,对政府支助的依赖性增加。"
我对CRISPR技术在治愈遗传疾病方面的潜力感到兴奋。,我担心基因编辑技术的伦理影响 和潜在滥用
城市风能的创新办法将涡轮机无缝地融入城市景观。,"城市风力涡轮机引发噪音投诉,"
新的数字身份系统提高了政府服务的使用效率和安全性。,中央集权数字身份证引起了对隐私的关切以及监视和数据破坏的风险。
"安装智能水表后,",不断监测用水情况在家庭消费习惯上造成了焦虑和冲突。
"该公司转向平台合作模式,使工人和用户都获得了权力。","向合作结构的过渡减缓了决策速度,妨碍了公司的竞争能力。"
碳捕获的创新办法在减少大气二氧化碳水平方面已显示出可喜的成果。,对碳捕获技术的重视转移了关键减排努力的注意力和资源。
"新的徒步足迹提供了山谷令人惊叹的景象,并很快成为我最喜欢的周末活动。","过分拥挤的徒步旅行道路失去了魅力,垃圾问题正在破坏自然美景。"
我印象深刻的是 这座城市如何保存了历史建筑 同时整合了现代设施,我们城镇的迅速现代化已经抹去了它许多独特的历史特征和魅力。
当地社区花园已成为邻居连接和种植新鲜农产品的好地方。,"管理不当的社区地块变得眼熟,植物被忽视,害虫问题频发。"
最近的政治改革导致我们区域更加透明和负责的施政。,"最近的政策变化造成了混乱,似乎有利于特殊利益,而不是公益。"
我对新的回收计划很兴奋 因为它能方便地分类废物 减少对环境的影响,"复杂的回收规则阻碍了参与,增加了回收垃圾箱的污染。"
旧剧院的翻新 将现代舒适与经典建筑元素 完美地融合在一起,具有历史意义的游戏室的现代化剥夺了其独特性格和声学品质。
新的观鸟应用让在大自然行走期间 识别本地野生生物变得有趣和教育。,"不断使用智能手机进行自然应用,分散了户外体验的和平与意识。"
城市对公共艺术的投资 已经把无趣的空间 变成了充满活力 鼓舞人心的环境,这些有争议的公共雕塑引发了对纳税人资金使用情况的分歧和抱怨。
我以陶器为业余爱好感到非常快乐; 它既放松又富有创造性地满足。,"我对陶器的尝试令人沮丧,代价高昂,失败多于成功。"
新的农户市场给我们的邻里带来了各种当地产品和手工产品。,"市场走势已导致经济疲软,当地物价上涨,长期居民被赶下台。"
"最近的选举改革使投票更加方便,增加了公民参与。","对投票程序的修改造成了混乱,引起了对选举安全的关切。"
春花如何把我们的当地公园 变成了多彩的绿洲 我对此感到惊讶,花树上丰富的花粉 使过敏季节 今年无法忍受
城市新的自行车共享计划 使得探索城市风景变得既简单又有趣,管理不当的自行车分配制度导致人行道混乱和危险骑车做法。
我发现本地的书俱乐部 是一个有吸引力的方法 来发现新的文学作品 并满足志同道合的人。,"书友会的讨论往往演变成无益的争论,"
湿地的恢复 恢复了多样化的野生动物 并创造了美丽的自然休养地,湿地养护工作限制了对水边的开发和娱乐准入。
"我印象深刻的是,新的操场设计是如何为各种能力的儿童纳入包容性特点的。","现代操场设备似乎不像传统设计那样富有想象力,更易受安全问题的影响。"
地方政府的参与性预算编制倡议使公民在社区项目中有真正的发言权。,"复杂的预算编制过程一直以特殊利益集团为主,排斥普通公民。"
"接受瑜伽大大改善了我的灵活性,为每天提供了一个和平的开端。","完成难瑜伽的压力导致受伤和紧张,而不是放松。"
"旧工厂的适应性再利用到阁楼公寓,使以前被忽视的城镇部分得以恢复活力。","工业空间转变为奢侈住房,加速了高质化,使当地企业流离失所。"
新的虚拟图书参观使与世界各地作者接触成为可能。,向在线文学活动的转变已经失去了亲身签名书的亲身触摸和兴奋。
我很高兴社区壁画项目 将邻居聚集在一起 美化了我们的街道,"古典街头艺术减少了地产价值,吸引了该地区不必要的涂鸦。"
"采用分级投票制,导致代表性和建设性运动更加多样化。","新的投票制度混淆了许多选民,导致选举结果延迟和争端。"
"观鸟已成为一种有益的爱好, 帮助我欣赏我们地区丰富的生物多样性。","越来越多的观鸟者扰乱了自然生境,并强调了当地野生生物群。"
河滨的翻修为夜间散步和社区聚会创造了一个美丽的舞台。,"河岸的商业化摧毁了它的自然魅力,使当地居民付出了代价。"
"我非常满意学会玩乐, 它是一个快乐和便携的乐器。","我尝试去学习小树叶,但令人失望,进展缓慢,邻居受挫。"
新的外语会合小组是学习对话技巧和交朋友的绝佳方式。,"语言交流活动往往感到尴尬和无效,无法在语言学习方面取得真正的进展。"
"我对城市如何将绿色空间纳入城市规划印象深刻, 在整个城市中创造了一些自然区。","许多小型公园的维护使城市资源紧张,导致更大的娱乐区被忽视。"
"当地的时间银行倡议培养了强烈的社区意识,使我得以学习新的技能。","时间交换系统产生了义务和压力,使邻国的帮助变成一个交易过程。"
"旧时钟塔的修复保留了一个美丽的里程碑,改善了我们镇的天线。","鉴于更紧迫的基础设施需求,对时钟塔进行昂贵的翻修似乎毫无意义。"
"我发现,地理清查 是一个令人兴奋的方式 探索我城市的隐藏角落 并与其他爱好者联系。",地质块块的扩散已导致环境损害以及对隐私和财产权的关切。
学校新的公民教育方案增加了青年对地方政府的参与。,政治上充斥的公民课程引起了家长和教育工作者之间的争议和分歧。
我感到惊讶的是 秋色如何把我们本地的徒步足迹 变成了一个壮观的自然画廊,秋天的树叶旅游导致我们一度和平的林地道路过度拥挤和退化。
社区太阳能项目使许多当地居民能够获取和负担得起清洁能源。,"大型太阳能装置是眼光,周围地区的地产价值下降。"
在新的室内健身房攀岩是挑战我和保持健康的一个令人振奋的方法。,室内登山的趋势已经消除了户外登山所提供的真实性和与自然的联系。
"公共广场的重新设计创造了一个充满活力的聚集空间,展示了我们城市的文化。","城镇中心的现代化消除了历史因素,创造了一个不育、不熟悉的环境。"
参加社区剧团 我感到非常高兴 无论是在舞台上还是在幕后,业余戏剧团体内部的戏剧和政治 已经把应该好玩的东西 变成了压力很大的义务
"新的野生动物走廊成功地连接了支离破碎的生境,使当地生态系统受益。","指定的动物过境区限制了发展,造成主要公路交通延误。"
"这座城市的建筑遗产旅游应用软件,","以 "" 应用导游 "" 为侧重点,减少了为人类导游和有形信息平台提供的资金。"
"屋顶花园运动如何将贫瘠的城市空间变成绿绿绿洲,我对此印象深刻。","屋顶花园的趋势造成了建筑物的结构问题,并增加了房主的维修费用。"
公民大会的引入使地方决策进程具有不同的观点。,"由于依靠随机挑选的公民处理复杂的政策问题,导致作出不知情和短视的决定。"
我发现了对星辰的热情 这让我对我们的夜空有了新的感恩,城市扩大后产生的光污染使得我们地区越来越难以享受观星活动。
海滩上新的木板路让海岸线更方便使用 同时也保护沙丘,建造海滩前行道扰乱了自然沙地流动和野生动物生境。
加入本地象棋俱乐部 强化了我的战略思维 把我介绍给一个欢迎我的社区,象棋俱乐部的竞争气氛将休闲爱好变成了压力和自我怀疑的根源。
我很高兴城市将旧电话亭 重新定位为小型图书馆和艺术设施,"取消功能电话亭给没有移动电话的人造成了困难,特别是在紧急情况下。"
由社区牵头的植物本地物种倡议大大加强了我们当地的生物多样性。,对本地植物的重视已导致具有历史和审美价值的可爱的非本地树木被移走。
新的地方政府透明度在线平台使得人们更容易了解城市事务。,"大量市政数据在网上发布, 导致误解及不必要的公众抗议。"
我在动物收容所的志愿工作里 找到了非常满意的 帮助宠物找到温馨的家,与被遗弃的动物一起工作的感情损失 比我想象的要多得多
旧运河系统的恢复为步行和游船开辟了一条光滑的路线。,"以修复运河为重点,转移了该城市更关键的基础设施需求的资金。"
摄影让我得以捕捉并分享我们变化季节的美景。,"不断为社交媒体记录经验的压力,"
新的城市饲料指南 帮助我发现了城市里的食用植物 并且与自然相连,"城市饲料开发趋势已导致过度开发公共绿色空间,并引起对粮食安全的关切。"
公园中的新蝴蝶园创造了一个充满活力的生态系统和一个和平的反省点。,"蝴蝶园吸引了大批昆虫,"
我对城市如何将雨水收集系统融入城市设计印象深刻。,丑陋的雨水桶和排水系统 分散了城市的视觉吸引力
编织是制作个性化礼品和减少压力的一种放松方式。,"我的编织爱好已经成为一种昂贵的痴迷, 用未使用的线条和未完成的项目使我的家陷入混乱。"
"当地政府决定让主要街道行人, 创造了一个活跃、安全的社区空间。","主要街道对汽车的封锁损害了当地企业,并造成周围地区交通堵塞。"
探寻我们城市隐藏的楼梯 探寻风景观和奇异的邻居,城市楼梯道的推广导致了噪音扰动和对这些路线沿线居民的隐私问题。
社区努力恢复老的旋转木马 保存了我们镇上珍爱的历史,用于修复过时的旋转木马的钱本可以更好地用于现代娱乐设施。
"参加当地的公园,提高了我的体质,使我与一个支助性社区建立了联系。","每周的公园活动导致公园过度拥挤,运行道路受损。"
春樱花如何把我们的城市街道 变成神奇的粉红树冠 我感到惊讶,落下樱花带来的混乱 创造了滑滑的人行道 堵塞了每年春天的暴雨排水沟
新的公民应用程序使得报告当地问题和看到城市服务部门迅速反应变得容易。,"由于过度依赖公民报告应用程序,导致大量小投诉,使城市工人人数众多。"
当地驾车剧院的复兴提供了一种怀旧和安全的娱乐选择。,开进剧院的流行 造成了交通堵塞 和光污染 在我们曾经安静的邻居。
我发现了对城市草图的热情 这帮助我了解了我们城市建筑的细节,"我的城市素描爱好经常引起不必要的注意,"
"这座城市决定建立对授粉者友好的中位数,","野花中位数降低了司机的能见度,对道路维修工人造成危害。"
加入社区乐团 重新点燃了我对音乐的热爱 把我介绍给一群不同的人,"社区乐团所需的承诺已成为压力的根源,也与我的其他职责相冲突。"
这座城市如何将旧铁路线 重新定位为 风景步行和骑自行车的路线 令我印象深刻,"铁路改道为小道,排除了今后恢复生态友好铁路运输的可能性。"
"允许后院养鸡的新法令将我们与食物来源联系起来,",城市养鸡的趋势引起了对适当动物护理和个人卫生的噪音投诉和关切。
"参加公民科学项目以监测地方空气质量,这是教育和赋权工作。",DIY空气质量监测项目造成了不必要的警报和对官方环境数据的不信任。
艺术业余电影院的恢复 给我们的主要街道带来了一股魅力。,"旧电影院的翻修费用昂贵,"
我发现养蜂是一种迷人的爱好 将我和自然联系起来 并且帮助我们的当地生态系统,"我的养蜂爱好与邻居的关系紧张, 邻居害怕蜜蜂, 担心蜂群。"
新的参与性预算编制进程给居民带来了对地方支出优先事项的真正影响。,"社区预算编制会议以有声的少数群体为主,它们无视更广泛的需求,把开支从支出上转移开来。"
城市对街头艺术的拥抱 已经把棕色的墙壁 变成了吸引户外美术馆,"街头壁画的泛滥使我们的城市显得混乱,鼓励非法涂鸦。"
搭乘划船登船是探索我们当地水道和改善我平衡的一条和平途径。,船桨登临的热门风潮 已经挤满了我们曾经的湖 扰乱了当地的野生生物
"我印象深刻的是,新的图书馆设计如何结合自然光和绿色空间, 创造一个宁静的环境。","现代图书馆设计把美学放在高于实际考虑的优先地位,没有足够安静的学习领域。"
"社区种子图书馆使得在我的花园里种植各种植物变得容易,而且价格低廉。","种子图书馆无意中传播入侵物种和植物疾病,"
"城市的黑暗天空倡议 减少了光污染, 使我们能看清恒星 多年来第一次。","街道照明的减少引起了安全问题,使夜间航行变得很困难。"
为河川清理项目志愿工作是改善我们当地环境的有益方法。,"自愿清扫河流者感到徒劳无益,因为垃圾的积累速度继续超过我们所能清除的速度。"
新的狗公园为宠物运动和所有者社会化创造了一个美妙的空间。,狗公园已成为噪音扰动和宠物所有者之间冲突的根源。
我很喜欢通过新的 扩大的现实遗产线索 探索本地历史,"由于注重数字历史经验,减少了用于博物馆实物展览和保存的资金。"
这个城市的免费户外健身课程 使得保持活跃和与新人见面 变得既容易又有趣,"受欢迎的户外运动会占用了公共空间,使其无法用于其他活动。"
"社区时间胶囊项目将几代人聚集在一起,反思我们城镇的身份和未来。","时间胶囊倡议似乎是一个浪费的虚荣项目,转移了人们对当前紧迫问题的注意力。"
"我印象深刻的是,新的环保公交车掩蔽所如何包括绿色屋顶和太阳能电池板。","高科技公交车收容所往往失灵,提供的实际保护比传统设计少。"
参加社区圆圈是一个通过节奏与他人连接的令人振奋的方式。,"公园的每周鼓声圈已成为一种麻烦,引起附近居民的噪音抱怨。"
"该市绘制多彩横行画的举措改善了行人的安全,并为我们的街道增添了性格。","装饰的十字路口分散了司机的注意力,迅速消失,需要花费高昂的频繁再油漆。"
加入当地饲料集团教会我欣赏并可持续地使用我们地区的食用植物。,饲料的流行导致了野生植物的过度开发以及潜在的生态不平衡。
公园新的露天阅览室为享受自然书籍创造了令人愉快的空间。,"由于天气条件,户外图书馆区往往无法使用,而且遭到盗窃和破坏。"
我对社区马赛克项目的贡献感到非常满意 创造代表我们不同城市的艺术,"社区艺术项目在设计上存在分歧,大大超过预算。"
"该市决定在广场安装音乐摇摆乐器, 给公共空间增添了一个有趣的互动元素。","音乐操场设备已成为一个吵闹的吸引物,破坏了周围地区的和平。"
"参与当地工具图书馆,节省了我资金和储存空间,同时促进社区共享。","工具共享方案导致设备损坏或未归还的问题,造成邻国之间的冲突。"
"城市如何将可食用景观美化纳入公共空间, 提供免费新鲜产品,我对此印象深刻。","公共果树造成了乱七八糟的人行道和吸引害虫,给城市造成维持生计的头痛。"
科学中心的新室内蝴蝶花园 全年提供神奇的体验,"人造蝴蝶栖息地感到不道德,消除了在自然环境中发现蝴蝶的欢乐。"
采用信箱是一个探索我们地区隐藏角落和发挥创造力的令人振奋的方法。,"信箱的倾向已导致自然区受到干扰,并引起对垃圾箱维护不良的担忧。"
也给街坊带来意想不到的欢乐。,"微小的艺术展品已成为破坏破坏的目标,并在已经拥挤不堪的人行道上制造混乱。"
我发现公园里新的冥想迷宫 是一个和平的 注意和反省的工具,"默思迷宫的安装占用了公园内宝贵的开放空间,限制了其他娱乐活动。"
"社区努力建立野生动物友好走廊,成功地增加了我们城市地区的生物多样性。","生物多样性地带的野生生长已经变得眼神模糊,使人们对将危险动物吸引到居民区感到关切。"
地方政府的聊天室使得人们更容易获得有关城市服务和事件的信息。,"过分依赖AI聊天室进行城市调查,导致在处理需要人力干预的复杂问题时感到失望。"
"我感到惊讶的是,季节性光节 如何把我们的城市中心 变成一个神奇的奇幻地带 每年冬天。","一年一度的光展已成为一种浪费能源的景象,助长了光污染,扰乱了当地的野生动物。"
"将城市苹果采摘作为城市果树计划的一部分,","提倡从城市果树上采伐果树,导致对果树所有权的争议和过度热心的采摘者对树木的破坏。"
"新的公共吊床花园为城市中心一个独特的松散空间,","公园的吊床区已成为游荡的热点,并引起安全关切,特别是在天黑之后。"
我很乐于为合作的城市裁缝项目做出贡献 这个项目非常出色地代表了我们社区的多样性,"社区禁欲倡议因在代表权问题上存在分歧而受到损害,未能有效地将边缘化群体纳入进来。"
城市屋顶养蜂计划 增加了城市蜂蜜产量 改善了公园的授粉量,城市蜂巢的泛滥导致城市居民蜂刺和过敏反应增加。
"参与每月一次的“修复咖啡馆”教育我宝贵的技能,",修理车间面临赔偿责任问题和当地企业对不公平竞争的投诉。
湖上新的漂浮电影体验 提供了一种独特的神奇方式 来享受电影,"户外放映关于水的影片扰乱了当地的野生动物,给湖边居民造成噪音污染。"
这座城市如何将废弃的地块 变成充满活力的空地公园 令我印象深刻,"许多小型公园的维护使城市资源紧张,导致更大的娱乐区被忽视。"
使用城市摄影帮助我欣赏日常城市景象中隐藏的美景。,我的街头摄影业余爱好导致与不想被拍照的人发生不愉快的对峙。
社区“采用祖父母方案”创造了有意义的代际联系。,高级好友系统对隐私和潜在的虐待老年人行为提出了关切。
"市政厅大楼上的新垂直花园改善了空气质量,并为城市景观增添了大自然的色彩。","鉴于其他紧迫的城市问题,昂贵的墙壁安装似乎是轻率地使用纳税人的钱。"
参加镇上一年一度的肥皂盒赛车赛 是一个令人振奋的方式 与我的孩子们联系 和邻居见面,"肥皂盒竞赛造成交通中断,并因障碍不足而引起安全关切。"
分享当地的故事和活动。,"业余社区电台节目散布错误信息,引发不必要的争议。"
"这座城市在娱乐中心的新岩壁上攀岩, 提供了一个具有挑战性和乐趣的选修方案。",室内登山设施占用了较容易获得和广泛使用的体育方案的资源。
"当地「免费种子图书馆」鼓励更多人开始种菜,",种子分享计划无意中将入侵植物物种引入我们当地的生态系统。
城市的屋顶太阳能项目 减少了我们社区的碳足迹 我对此感到惊讶,"太阳能电池板的装置制造了光亮问题,并减损了我们天际线的历史魅力。"
新的扩大的现实历史之旅 使我们学习了我们镇上过去 充满参与和互动的过去,对数字经验的重视导致对有形历史遗址和文物的供资减少。
参加社区粉笔艺术节是表达创造力和会见其他艺术家的丰富多彩的方式。,"街头艺术活动在人行道上造成一团乱,"
城市的“Tiny Forest”倡议在城市地区创造了密集的生物多样性区。,"小型林地项目已经发展过度,正在吸引害虫到居民区。"
我很高兴通过科学中心的 新的交互式地震模拟器 来探索我们区域的地质学,地震展览被批评低估了我们地区地震活动的真正危险。
"社区时间银行允许我与邻居交流技能和服务,","银行系统在时间上给税务当局造成麻烦,并提出了提供服务的责任问题。"
公园中新的“安静迪斯科”活动为户外舞蹈和社交提供了一种无噪音的有趣方式。,"静静的舞蹈派对引发了奇怪的行为和安全关切,"
"我印象深刻的是,这座城市是如何融入了雨水艺术装置的, 这些装置在暴风雨中活生生的。",雨水活跃的街头艺术给司机和行人造成了混乱和安全危险。
加入城市素描小组 提高了我的绘画技巧 帮助我从新的光芒中看到了城市,"城市草图美景广受欢迎,导致景点拥挤和当地企业骚乱。"
镇上新的户外健身小道 配有QR码指示 使得运动更方便 更有趣,"高科技运动站经常失灵,成为破坏目标。"
社区拥有的太阳能农场使无法自行安装电池板的居民可以使用可再生能源。,"大型太阳能装置是眼光,周围地区的地产价值下降。"
进行地理剖析 是一个令人兴奋的方式 探索我们城市的隐藏角落 并与其他爱好者联系,地理偏差趋势已导致对公共场所暗藏物品问题和关切的侵扰。
我发现新的冥想舱 在城市公园 是和平的撤退 从城市的压力。,"公共场所的个人放松胶囊感到孤立,被滥用于睡觉和其他活动。"
"城市在暴风雨下水道上绘制壁画的倡议, 提高了人们对水污染的认识。","色彩繁多的排水艺术让司机分心,而且很快就破损,需要经常重新油漆。"
"参与社区“Repair Café”教育我宝贵的技能,帮助减少浪费。",DIY修理车间引起了责任问题和专业修理企业的抱怨。
历史建筑上的新建筑照明 在夜晚美丽地展示了我们城市的遗产,"地标的明亮照明导致光污染,并扰乱了附近居民的睡眠。"
这座城市如何将电话亭 重新定位为小型图书馆和艺术设施 令我印象深刻,"取消功能电话亭给没有移动电话的人造成了困难,特别是在紧急情况下。"
公园内的社区民间舞蹈班是练习和庆祝文化多样性的喜悦方式。,"户外舞蹈课造成噪音扰动,在公共绿地踩踏草地。"
参加监测当地鸟类人口的公民科学项目是教育和奖励性的。,"业余观鸟活动扰乱了筑巢地点,导致数据收集工作不可靠。"
"新的“温馨之旅”,人们可以捐赠或穿衣服,这培养了社区给予的精神。","衣物捐赠墙已变得组织混乱, 吸引害虫,"
我很乐于为社区时间胶囊做贡献 为后代保存记忆,"时间胶囊项目似乎是一种资源浪费,可能无意中掩埋有害环境的材料。"
这个城市的“开放街道”倡议为周末的社区活动创造了极好的无车空间。,"对行人事件道路的封锁造成交通堵塞,并伤害了依赖车辆进出的企业。"
"新的黑暗中发光自行车道路改善了夜间骑自行车者的安全,并为我们城市增添了未来的魅力。","光亮的自行车车道被批评为一个昂贵的螺旋桨,需要高水平的维修,并可能混淆驾驶员。"
参加社区圆圈是一个通过节奏与他人连接的令人振奋的方式。,公园内经常举行的震荡集会引起了附近居民的许多噪音投诉。
"城市的“食用公交车站”如何将等候区变成有生产力的小型花园,我对此感到惊讶。","过境站的公共蔬菜园地维护不良,吸引了害虫,造成混乱。"
"城市河流中新的漂浮湿地改善了水质,为城市野生生物创造了生境。","人工河流岛屿干扰了水活动,需要不断进行费用高昂的维修。"
采用信箱是一个探索我们地区隐藏角落和发挥创造力的令人振奋的方法。,躲藏和寻找信箱的趋势导致自然地区的干扰和对垃圾的担忧。
"社区为创建一个有减少光污染的星座公园所做的努力,打开了夜空的奇观。","黑暗的天空保护区引起人们的安全关切,使某些地区难以在夜间航行。"
"我感到非常满意的是,我为该市的参与性预算编制过程做出了贡献, 直接影响到地方开支。","社区预算分配会议以有声的少数群体为主,扭曲了基本服务的支出。"
"公园中新的音响花园,加上互动音乐雕塑,创造了一个有趣和独特的感官体验。","公共音乐设施已成为不断噪音的来源,扰乱了曾经平静的绿色空间的和平。"
加入城市养蜂协会 将我与自然联系起来 并且帮助支持我们的地方生态系统,"业余养蜂人数量激增,导致蜜蜂过度饱和,有可能伤害本地授粉者。"
